operation	status	chromium_source	lines	rust_owner	remaining
attr dimension-unit/raw-string header	translated	third_party/blink/renderer/core/css/css_attr_type.cc	23-65	attribute_variable_resolver.rs::ConsumeAttributeHeader	type(<syntax>) requires CSSSyntaxDefinition::Consume/Parse
attr raw-string/literal numeric parsing	translated	third_party/blink/renderer/core/css/css_attr_type.cc	81-98	attribute_variable_resolver.rs::ParseAttributeValue	CSSSyntaxDefinition syntax-value branch at 99-101 remains typed Unsupported
attr omitted type default	translated	third_party/blink/renderer/core/css/css_attr_type.cc	105-107	attribute_variable_resolver.rs::ConsumeAttributeHeader	parser owner must validate attr declaration grammar
attr header argument runtime selection	translated	third_party/blink/renderer/core/css/resolver/style_cascade.cc	2401-2427	custom_properties.rs::VariableResolver::ResolveAttr	CSSArgumentGrammar is explicitly provided by borrowed owner; production runtime default false
attr cycle lock and DOM lookup	translated	third_party/blink/renderer/core/css/resolver/style_cascade.cc	2432-2442	custom_properties.rs::VariableResolver::ResolveAttr / attribute_variable_resolver.rs::PersistentAttributeSource	caller supplies ultimate originating element and namespace-sensitive lowercase policy
attr syntax-value substitution	unsupported	third_party/blink/renderer/core/css/resolver/style_cascade.cc	2444-2473	custom_properties.rs::VariableResolver::ResolveAttr	CSSSyntaxDefinition::Consume/Parse and registration grammar are absent; type(<syntax>) returns typed Unsupported
attr value append and fallback taint	translated	third_party/blink/renderer/core/css/resolver/style_cascade.cc	2475-2519	custom_properties.rs::VariableResolver::ResolveAttr	URL consumer token-range taint requires CSSURIValue and parser-local taint collaborator; boolean taint retained on CSSVariableData
attr declaration validation	collaborator	third_party/blink/renderer/core/css/parser/css_variable_parser.cc	255-293	parser/production_property_parser.rs	owned by parser lane; require attr header/fallback declaration-value validation before cascade
attr numeric math dynamic type rejection	translated	third_party/blink/renderer/core/css/properties/css_parsing_utils.cc	1097-1153,1262-1284	attribute_variable_resolver.rs::ParseAttributeValue	math functions produce CSSMathFunctionValue and fail CSSNumericLiteralValue cast, so fallback applies
attr production integration	verified	third_party/blink/renderer/core/css/resolver/style_cascade.cc	1698-1702,2392-2519	document_style_engine.rs / tests/production_attr.rs	engine owned by parent; unified context used by custom compute and native consumer replay
